﻿<?xml version="1.0" encoding="utf-8"?>
<transaction>
  <item>
    <type>auto</type>
    <desc>Cat converter</desc>
    <value>200</value>
    <serial>123</serial>
    <date>11/01/2018</date>
    <contact>
      <name>Joey</name>
      <phone>2</phone>
      <email>jjf25</email>
    </contact>
  </item>
  <item>
    <type>furniture</type>
    <desc>chair</desc>
    <value>40</value>
    <date>8/1/2022</date>
    <contact>
      <name>Ryan</name>
      <phone>1</phone>
      <email>rlh35</email>
    </contact>
  </item>
  <item>
    <type>book</type>
    <desc>Murach's C# 2015</desc>
    <value>1</value>
    <serial>9780000000000</serial>
    <date>5/20/2019</date>
    <contact>
      <name>Brad</name>
      <phone>3</phone>
      <email>bab45</email>
    </contact>
  </item>
  <item>
    <type>computer</type>
    <desc>Dell Inspiron 1500</desc>
    <value>400</value>
    <serial>D283756214</serial>
    <date>10/25/2018</date>
    <contact>
      <name>Joey</name>
      <phone>2</phone>
      <email>jjf25</email>
    </contact>
  </item>
</transaction>